configuracion,modelo,accuracy,precision_macro,recall_macro,f1_macro,auc
A_3clases_classweight,Decision Tree,0.4394671822967021,0.39924739608869264,0.4227485006083593,0.35716642135753607,0.601680653798755
A_3clases_classweight,Random Forest,0.5850968596698536,0.4146546277365309,0.4482417407929801,0.41718117147859973,0.6463919174333624
A_3clases_classweight,XGBoost,0.5421993053317578,0.4150425068812034,0.45160904712815503,0.4067902239291678,0.6433495663946033
B_3clases_SMOTE,Decision Tree,0.598166648762846,0.3640700296023964,0.3734198248986122,0.3569928849346286,0.5514749729083303
B_3clases_SMOTE,Random Forest,0.5913990045475704,0.40781832719436156,0.41577152202857387,0.40327390456725576,0.5987484807739473
B_3clases_SMOTE,XGBoost,0.744584094245712,0.517069922510889,0.4013557341823832,0.4042683672422454,0.6124237658453443
C_binario_classweight,Decision Tree,0.674718574108818,0.577448527109268,0.6195041964240209,0.5736590176413936,0.6564608301963722
C_binario_classweight,Random Forest,0.7190822388993121,0.5971035602985592,0.6362695346477962,0.6032668711229212,0.6864874185842468
C_binario_classweight,XGBoost,0.706066291432145,0.5960183138900741,0.6414072921885642,0.5996112414979056,0.6926375749738429
D_binario_SMOTE,Decision Tree,0.6708098811757348,0.5471347972719973,0.5679727111667654,0.5443010192638609,0.5992355241353791
D_binario_SMOTE,Random Forest,0.7005941213258287,0.5743949423963709,0.6044102432398856,0.5771817854603539,0.6428009698672144
D_binario_SMOTE,XGBoost,0.8149233896185115,0.6504091103691267,0.5862043531146877,0.6002184108693515,0.6626803066542235
